INSERT INTO tyrannophone.contract (contract_number, is_active, plan_id) VALUES (70001112233, true, 1);
INSERT INTO tyrannophone.contract (contract_number, is_active, plan_id) VALUES (70002223344, true, 2);
INSERT INTO tyrannophone.contract (contract_number, is_active, plan_id) VALUES (70003334455, true, 3);
INSERT INTO tyrannophone.contract (contract_number, is_active, plan_id) VALUES (70006665544, true, 3);
INSERT INTO tyrannophone.contract (contract_number, is_active, plan_id) VALUES (70007776655, true, 1);
INSERT INTO tyrannophone.contract_option (contract_number, option_id) VALUES (70001112233, 1);
INSERT INTO tyrannophone.contract_option (contract_number, option_id) VALUES (70001112233, 2);
INSERT INTO tyrannophone.contract_option (contract_number, option_id) VALUES (70007776655, 3);
INSERT INTO tyrannophone.customer (id, address, first_name, last_name, passport, balance) VALUES (1, 'First, st. 1', 'John', 'Snow', '777', 400);
INSERT INTO tyrannophone.customer (id, address, first_name, last_name, passport, balance) VALUES (2, 'Second, st.2', 'Lex', 'De Haan', '123', 200);
INSERT INTO tyrannophone.customer_contract (customer_id, contract_number) VALUES (1, 70001112233);
INSERT INTO tyrannophone.customer_contract (customer_id, contract_number) VALUES (1, 70002223344);
INSERT INTO tyrannophone.customer_contract (customer_id, contract_number) VALUES (1, 70007776655);
INSERT INTO tyrannophone.customer_contract (customer_id, contract_number) VALUES (2, 70003334455);
INSERT INTO tyrannophone.customer_contract (customer_id, contract_number) VALUES (2, 70006665544);
INSERT INTO tyrannophone.option_dependencies (option_id, parent_option_id) VALUES (2, 1);
INSERT INTO tyrannophone.option_dependencies (option_id, parent_option_id) VALUES (3, 1);
INSERT INTO tyrannophone.option_dependencies (option_id, parent_option_id) VALUES (4, 1);
INSERT INTO tyrannophone.option_dependencies (option_id, parent_option_id) VALUES (5, 10);
INSERT INTO tyrannophone.option_dependencies (option_id, parent_option_id) VALUES (12, 11);
INSERT INTO tyrannophone.option_dependencies (option_id, parent_option_id) VALUES (13, 11);
INSERT INTO tyrannophone.option_dependencies (option_id, parent_option_id) VALUES (14, 11);
INSERT INTO tyrannophone.option_dependencies (option_id, parent_option_id) VALUES (15, 11);
INSERT INTO tyrannophone.option_incompatible_option (option_id, inc_option_id) VALUES (2, 3);
INSERT INTO tyrannophone.option_incompatible_option (option_id, inc_option_id) VALUES (2, 4);
INSERT INTO tyrannophone.option_incompatible_option (option_id, inc_option_id) VALUES (3, 2);
INSERT INTO tyrannophone.option_incompatible_option (option_id, inc_option_id) VALUES (3, 4);
INSERT INTO tyrannophone.option_incompatible_option (option_id, inc_option_id) VALUES (4, 2);
INSERT INTO tyrannophone.option_incompatible_option (option_id, inc_option_id) VALUES (4, 3);
INSERT INTO tyrannophone.options (name, price, is_available) VALUES ('Internet Access', 50, true);
INSERT INTO tyrannophone.options (name, price, is_available) VALUES ('Internet Pack (+2 GB)', 100, true);
INSERT INTO tyrannophone.options (name, price, is_available) VALUES ('Internet Pack (+5 GB)', 200, true);
INSERT INTO tyrannophone.options (name, price, is_available) VALUES ('Unlimited Internet', 400, true);
INSERT INTO tyrannophone.options (name, price, is_available) VALUES ('SMS (Unlimited)', 100, true);
INSERT INTO tyrannophone.options (name, price, is_available) VALUES ('SMS', 0, true);
INSERT INTO tyrannophone.options (name, price, is_available) VALUES ('Calls', 0, true);
INSERT INTO tyrannophone.options (name, price, is_available) VALUES ('Calls (Unlimited)', 200, true);
INSERT INTO tyrannophone.options (name, price, is_available) VALUES ('International Calls', 0, true);
INSERT INTO tyrannophone.options (name, price, is_available) VALUES ('International Calls (60 min)', 200, true);
INSERT INTO tyrannophone.options (name, price, is_available) VALUES ('International Calls (120 min)', 350, true);
INSERT INTO tyrannophone.plan (connection_price, is_connection_available, monthly_price, plan_name) VALUES (200, true, 200, 'Low');
INSERT INTO tyrannophone.plan (connection_price, is_connection_available, monthly_price, plan_name) VALUES (400, true, 400, 'Mid');
INSERT INTO tyrannophone.plan (connection_price, is_connection_available, monthly_price, plan_name) VALUES (600, true, 600, 'High');
INSERT INTO tyrannophone.plan (connection_price, is_connection_available, monthly_price, plan_name) VALUES (800, true, 800, 'Super');
INSERT INTO tyrannophone.plan_available_option (plan_id, option_id) VALUES (1, 1);
INSERT INTO tyrannophone.plan_available_option (plan_id, option_id) VALUES (1, 2);
INSERT INTO tyrannophone.plan_available_option (plan_id, option_id) VALUES (1, 3);
INSERT INTO tyrannophone.plan_available_option (plan_id, option_id) VALUES (1, 10);
INSERT INTO tyrannophone.plan_available_option (plan_id, option_id) VALUES (1, 11);
INSERT INTO tyrannophone.plan_available_option (plan_id, option_id) VALUES (7, 1);
INSERT INTO tyrannophone.plan_available_option (plan_id, option_id) VALUES (7, 4);
INSERT INTO tyrannophone.plan_available_option (plan_id, option_id) VALUES (7, 5);
INSERT INTO tyrannophone.role (role) VALUES ('ROLE_CUSTOMER');
INSERT INTO tyrannophone.role (role) VALUES ('ROLE_EMPLOYEE');
INSERT INTO tyrannophone.user (create_ts, email, is_active, last_activity_ts, password, update_ts, user_name) VALUES ('2018-09-19 02:42:52.856000', 'cust1@tmail.tm', true, '2018-09-27 06:43:53.682000', '$2a$10$4VY63VYtHvLf8SifgblaZO7Aodon7U//OI04m8W.7YeozaX8RVbZi', '2018-09-27 06:43:53.687000', 'cust1');
INSERT INTO tyrannophone.user (create_ts, email, is_active, last_activity_ts, password, update_ts, user_name) VALUES ('2018-09-19 22:49:07.407000', 'cust2@tmail.tm', true, '2018-09-27 06:16:34.014000', '$2a$10$4VY63VYtHvLf8SifgblaZO7Aodon7U//OI04m8W.7YeozaX8RVbZi', '2018-09-27 06:16:34.019000', 'cust2');
INSERT INTO tyrannophone.user (create_ts, email, is_active, last_activity_ts, password, update_ts, user_name) VALUES ('2018-09-23 02:38:11.167000', 'emp1@tyrannophone.com', true, '2018-09-27 07:32:11.448000', '$2a$10$4VY63VYtHvLf8SifgblaZO7Aodon7U//OI04m8W.7YeozaX8RVbZi', '2018-09-27 07:32:11.451000', 'emp1');
INSERT INTO tyrannophone.user_role (user_id, role_id) VALUES (1, 1);
INSERT INTO tyrannophone.user_role (user_id, role_id) VALUES (2, 1);
INSERT INTO tyrannophone.user_role (user_id, role_id) VALUES (3, 2);